[
  {
    "Id": "748af543-79c4-41f8-b4c8-24a4923cb576",
    "Name": "Kianna Feeney",
    "Species": "Lezard",
    "Age": 8,
    "Size": 52,
    "Weight": "39"
  },
  {
    "Id": "8d8a00f9-a6f7-4e3d-863b-b387076282a5",
    "Name": "Mr. Cordie Trevion Carter",
    "Species": "Chien",
    "Age": 5,
    "Size": 69,
    "Weight": "97"
  },
  {
    "Id": "2998ccde-5b08-49e3-a3d1-49daf2901dff",
    "Name": "Prof. Jaclyn Darwin O\u0027Hara Jr.",
    "Species": "Chien",
    "Age": 11,
    "Size": 77,
    "Weight": "12"
  },
  {
    "Id": "ec9f32e1-81fa-41c2-882b-f7636e6d1519",
    "Name": "Lorna Mante",
    "Species": "Poisson",
    "Age": 1,
    "Size": 95,
    "Weight": "23"
  },
  {
    "Id": "3aaeafa7-56f1-472f-bd20-4a6e39a171b7",
    "Name": "Ms. Wilhelmine Konopelski",
    "Species": "Lezard",
    "Age": 10,
    "Size": 11,
    "Weight": "91"
  },
  {
    "Id": "c8f1b4e7-9543-40bd-9ba5-ec9f4b2ec2b6",
    "Name": "Clementina Turcotte",
    "Species": "Lezard",
    "Age": 16,
    "Size": 43,
    "Weight": "74"
  },
  {
    "Id": "15dc6809-0c04-482d-958d-9c5b7d0f4f97",
    "Name": "Dr. Lisandro Pacocha",
    "Species": "Oiseau",
    "Age": 3,
    "Size": 93,
    "Weight": "96"
  },
  {
    "Id": "335bf4ba-1a8d-4537-a2b5-33eebd1bb49e",
    "Name": "Prof. Barry Lynch",
    "Species": "Ornithorique",
    "Age": 3,
    "Size": 3,
    "Weight": "2"
  },
  {
    "Id": "37e8e4ee-a4df-4438-8c2e-aa075309a396",
    "Name": "Jed Raynor",
    "Species": "Oiseau",
    "Age": 18,
    "Size": 60,
    "Weight": "79"
  },
  {
    "Id": "cc42f1aa-6d8e-400e-85f2-0ccc493b0664",
    "Name": "Pasquale Amaya Hilll II",
    "Species": "Chien",
    "Age": 9,
    "Size": 6,
    "Weight": "76"
  },
  {
    "Id": "a77bebbb-d58f-494b-9daf-e6701c84b3d8",
    "Name": "Dr. Kayleigh Koelpin",
    "Species": "Oiseau",
    "Age": 16,
    "Size": 45,
    "Weight": "21"
  },
  {
    "Id": "abe8e0b8-7859-4b20-85bc-915f36225134",
    "Name": "Prof. Derick Emerald Boehm",
    "Species": "Chat",
    "Age": 6,
    "Size": 45,
    "Weight": "34"
  },
  {
    "Id": "36887e17-da9d-47e7-8dc4-94fda1301d75",
    "Name": "Adrianna Turner",
    "Species": "Dauphin",
    "Age": 10,
    "Size": 3,
    "Weight": "60"
  },
  {
    "Id": "4695ccf3-3c1f-48ca-bc11-38bb79b213cd",
    "Name": "Arthur Murphy",
    "Species": "Oiseau",
    "Age": 0,
    "Size": 92,
    "Weight": "80"
  },
  {
    "Id": "4f9f387b-6a5d-427a-aa6e-61c4764e0180",
    "Name": "Miss Sylvan Bobbie Parisian III",
    "Species": "Ornithorique",
    "Age": 6,
    "Size": 56,
    "Weight": "27"
  },
  {
    "Id": "9c0199aa-2420-451c-abc5-8d5201b83616",
    "Name": "Prof. Cade Dibbert",
    "Species": "Dauphin",
    "Age": 0,
    "Size": 9,
    "Weight": "81"
  },
  {
    "Id": "e7f2a4a8-a69c-4647-a5cd-5e9f4ca6de95",
    "Name": "Berenice Kuhic",
    "Species": "Lezard",
    "Age": 15,
    "Size": 81,
    "Weight": "73"
  },
  {
    "Id": "248d7c38-a75d-41f6-be37-93aa841c2336",
    "Name": "Herminia Erdman",
    "Species": "Chat",
    "Age": 12,
    "Size": 11,
    "Weight": "50"
  },
  {
    "Id": "de591fd5-d6d8-4da0-ba90-b35006281921",
    "Name": "Anika Goodwin",
    "Species": "Oiseau",
    "Age": 3,
    "Size": 55,
    "Weight": "8"
  },
  {
    "Id": "9ab3b8b5-edba-40fc-9fea-c238a8325f30",
    "Name": "Tomasa Hobart Friesen IV",
    "Species": "Oiseau",
    "Age": 14,
    "Size": 30,
    "Weight": "59"
  },
  {
    "Id": "611fe3e9-663c-4d8a-a516-44b52d9cfb40",
    "Name": "Kaleigh Bins",
    "Species": "Poisson",
    "Age": 16,
    "Size": 57,
    "Weight": "76"
  },
  {
    "Id": "b2ad9a01-7709-4086-a222-1e814493f917",
    "Name": "Leo Sauer",
    "Species": "Lezard",
    "Age": 8,
    "Size": 71,
    "Weight": "7"
  },
  {
    "Id": "5ed2eb2d-eb64-41b6-8368-0c7de90f1c41",
    "Name": "Yvonne Heaney DVM",
    "Species": "Chat",
    "Age": 5,
    "Size": 61,
    "Weight": "91"
  },
  {
    "Id": "ab9bbc03-a249-4a33-93f8-fc298c258b60",
    "Name": "Ariane Bailey",
    "Species": "Dauphin",
    "Age": 6,
    "Size": 61,
    "Weight": "17"
  },
  {
    "Id": "98c689f8-5fb4-4485-b7a7-21021236667f",
    "Name": "Bonita Fritsch",
    "Species": "Chat",
    "Age": 20,
    "Size": 54,
    "Weight": "18"
  },
  {
    "Id": "146c322f-d313-4199-a4e4-515ff7abd436",
    "Name": "Imelda Hettinger",
    "Species": "Lezard",
    "Age": 6,
    "Size": 40,
    "Weight": "64"
  },
  {
    "Id": "39317657-d83b-42a8-8bd6-577acb53df4e",
    "Name": "Ms. Rita Kihn MD",
    "Species": "Oiseau",
    "Age": 16,
    "Size": 93,
    "Weight": "79"
  },
  {
    "Id": "fd8af811-0494-4385-b002-73132d4b5e6e",
    "Name": "Ruth Lehner",
    "Species": "Oiseau",
    "Age": 17,
    "Size": 0,
    "Weight": "42"
  },
  {
    "Id": "c1ca3f7a-e359-4020-84f3-8b391c070224",
    "Name": "Brady Alan Baumbach DVM",
    "Species": "Poisson",
    "Age": 16,
    "Size": 1,
    "Weight": "54"
  },
  {
    "Id": "1466ff89-9900-460c-9dfa-b4b841c688a6",
    "Name": "Octavia Edd Cummings PhD",
    "Species": "Chien",
    "Age": 1,
    "Size": 96,
    "Weight": "21"
  },
  {
    "Id": "08c5c3a2-a4a0-404b-bcdb-247922ee3b26",
    "Name": "Santiago Abshire",
    "Species": "Poisson",
    "Age": 18,
    "Size": 61,
    "Weight": "14"
  },
  {
    "Id": "406a41ea-593f-4089-a6b8-963f5256fb57",
    "Name": "Ms. Jovany Cremin",
    "Species": "Ornithorique",
    "Age": 13,
    "Size": 93,
    "Weight": "46"
  },
  {
    "Id": "1d137cff-dcae-457b-93ef-38f2ee1b2966",
    "Name": "Kaycee Gorczany",
    "Species": "Ornithorique",
    "Age": 2,
    "Size": 20,
    "Weight": "61"
  },
  {
    "Id": "f73d6997-5638-490a-b5c6-6e03032058b9",
    "Name": "Prof. Alexandria Kristina Harber",
    "Species": "Oiseau",
    "Age": 19,
    "Size": 24,
    "Weight": "33"
  },
  {
    "Id": "bd431d6d-661d-4d75-b3b8-6db8c492e051",
    "Name": "Pietro Thiel",
    "Species": "Chien",
    "Age": 18,
    "Size": 41,
    "Weight": "70"
  },
  {
    "Id": "7483e9ae-845e-4440-a039-16d654a502ef",
    "Name": "Madisyn Lakin",
    "Species": "Dauphin",
    "Age": 18,
    "Size": 77,
    "Weight": "4"
  },
  {
    "Id": "f861e221-df1f-4b48-9447-9c150ccdcbff",
    "Name": "Jan Johnson DDS",
    "Species": "Chat",
    "Age": 3,
    "Size": 26,
    "Weight": "62"
  },
  {
    "Id": "9f50ba7e-f2c2-4b43-9770-de7a0b3b9687",
    "Name": "Dominique Lind",
    "Species": "Oiseau",
    "Age": 4,
    "Size": 54,
    "Weight": "81"
  },
  {
    "Id": "351319b2-1a31-4059-9cd4-ff65cfee7eb6",
    "Name": "Virgil Hills",
    "Species": "Dauphin",
    "Age": 2,
    "Size": 92,
    "Weight": "11"
  },
  {
    "Id": "c6d6410c-f38a-4718-b070-b6f691cb5dfb",
    "Name": "Mr. Onie Casandra Runolfsdottir",
    "Species": "Chat",
    "Age": 5,
    "Size": 88,
    "Weight": "52"
  },
  {
    "Id": "7d2743f2-ce58-4bcf-8610-93761e20cde7",
    "Name": "Rita Baylee Walker V",
    "Species": "Chien",
    "Age": 20,
    "Size": 80,
    "Weight": "59"
  },
  {
    "Id": "4ab18bb8-2c7a-4b4d-a25d-ce3a5f1ef314",
    "Name": "Mr. Jakayla Cristian Gutkowski",
    "Species": "Chien",
    "Age": 2,
    "Size": 27,
    "Weight": "5"
  },
  {
    "Id": "804b5cd8-695c-4be1-91cd-1e95c3f82bfa",
    "Name": "Geovany Vida Thiel IV",
    "Species": "Lezard",
    "Age": 16,
    "Size": 93,
    "Weight": "27"
  },
  {
    "Id": "fc4ecc91-8bc0-4bfb-ab4e-88a043105caa",
    "Name": "Ladarius Murphy",
    "Species": "Oiseau",
    "Age": 8,
    "Size": 98,
    "Weight": "21"
  },
  {
    "Id": "5cc43907-6421-429f-a190-2dcae32e586c",
    "Name": "Mrs. Shana Cesar Hermiston",
    "Species": "Lezard",
    "Age": 20,
    "Size": 97,
    "Weight": "67"
  },
  {
    "Id": "e92e8604-0712-47a2-beda-4887ac5c8537",
    "Name": "Modesto Brakus Jr.",
    "Species": "Chat",
    "Age": 2,
    "Size": 13,
    "Weight": "88"
  },
  {
    "Id": "3b5231e5-72b8-49fd-ae26-ed2b33e58289",
    "Name": "Mrs. Rowland Stokes",
    "Species": "Lezard",
    "Age": 1,
    "Size": 84,
    "Weight": "51"
  },
  {
    "Id": "3d6547e4-ef71-455f-8ea1-cfe65b10bf50",
    "Name": "Trystan Christiansen",
    "Species": "Oiseau",
    "Age": 15,
    "Size": 8,
    "Weight": "23"
  },
  {
    "Id": "483e1467-ecfc-4415-afce-323fc699923b",
    "Name": "Tomas West",
    "Species": "Chien",
    "Age": 12,
    "Size": 70,
    "Weight": "95"
  },
  {
    "Id": "adcd4266-1432-4149-8dd4-fa89d5f4b70a",
    "Name": "Mr. Ernesto Mayer DDS",
    "Species": "Lezard",
    "Age": 10,
    "Size": 35,
    "Weight": "58"
  },
  {
    "Id": "9a728d18-7dcf-47ab-a510-4be05e46e47f",
    "Name": "Beth Hane",
    "Species": "Ornithorique",
    "Age": 15,
    "Size": 54,
    "Weight": "90"
  },
  {
    "Id": "c9052b2b-2add-43f5-9f2f-dfd40d1c9514",
    "Name": "Kaylah Cormier",
    "Species": "Poisson",
    "Age": 17,
    "Size": 21,
    "Weight": "39"
  },
  {
    "Id": "f23cd602-a2be-4504-b97f-6d2455e61029",
    "Name": "Nick Frami",
    "Species": "Dauphin",
    "Age": 13,
    "Size": 68,
    "Weight": "51"
  },
  {
    "Id": "8a69bbeb-7096-4233-8da4-c8105e8cfa64",
    "Name": "Geo Kulas",
    "Species": "Poisson",
    "Age": 7,
    "Size": 30,
    "Weight": "20"
  },
  {
    "Id": "ff591d81-3e04-47ef-aa82-cefceb31797e",
    "Name": "Arne Gottlieb",
    "Species": "Chat",
    "Age": 6,
    "Size": 4,
    "Weight": "45"
  },
  {
    "Id": "ac5bc542-5c10-49d0-9b3d-5265f237668a",
    "Name": "Neal Bergstrom V",
    "Species": "Oiseau",
    "Age": 0,
    "Size": 17,
    "Weight": "56"
  },
  {
    "Id": "4c231807-291c-4cdd-b380-83ca5813ddc2",
    "Name": "Quentin Jast DDS",
    "Species": "Poisson",
    "Age": 14,
    "Size": 65,
    "Weight": "29"
  },
  {
    "Id": "6f781b23-2560-4106-9129-c4f2a319be9e",
    "Name": "Abdul Kreiger",
    "Species": "Lezard",
    "Age": 5,
    "Size": 66,
    "Weight": "12"
  },
  {
    "Id": "edb57b0b-acb4-45d1-9c2d-46aef2b31620",
    "Name": "Mr. Kurt Margarette Lang Jr.",
    "Species": "Dauphin",
    "Age": 17,
    "Size": 90,
    "Weight": "74"
  },
  {
    "Id": "6a8283ee-4314-4097-bb85-a8aacf7e99b7",
    "Name": "Prof. Jaden Thompson MD",
    "Species": "Poisson",
    "Age": 1,
    "Size": 5,
    "Weight": "75"
  },
  {
    "Id": "1a2c1971-e33d-4a50-be90-a9fb4ff91108",
    "Name": "Rachel Dario Kutch PhD",
    "Species": "Ornithorique",
    "Age": 0,
    "Size": 40,
    "Weight": "41"
  },
  {
    "Id": "96022a79-e6bb-42ce-a027-e20c4ed96148",
    "Name": "Willa Jewess",
    "Species": "Poisson",
    "Age": 10,
    "Size": 68,
    "Weight": "76"
  },
  {
    "Id": "bacd8a8e-8c20-4633-bd1e-b1cf463e5993",
    "Name": "Ms. Hailee Josianne Medhurst IV",
    "Species": "Poisson",
    "Age": 9,
    "Size": 59,
    "Weight": "99"
  },
  {
    "Id": "fbb84c50-d765-4e75-8476-97c8b0864b50",
    "Name": "Sophia Funk DDS",
    "Species": "Chien",
    "Age": 20,
    "Size": 37,
    "Weight": "63"
  },
  {
    "Id": "aad924b9-c396-4606-82d7-78c658e4a4be",
    "Name": "Miss Rex Turcotte",
    "Species": "Ornithorique",
    "Age": 3,
    "Size": 47,
    "Weight": "24"
  },
  {
    "Id": "a3168f68-06d4-4ea0-bd07-9be277803c84",
    "Name": "Kasey Wilderman",
    "Species": "Chien",
    "Age": 4,
    "Size": 53,
    "Weight": "69"
  },
  {
    "Id": "fba67fef-4f9d-480c-b36d-5a7c1cea5e73",
    "Name": "Darren Hodkiewicz",
    "Species": "Ornithorique",
    "Age": 14,
    "Size": 36,
    "Weight": "76"
  },
  {
    "Id": "c3385efa-2b46-47b9-a30b-f00ef6267b04",
    "Name": "Wilmer Kling",
    "Species": "Ornithorique",
    "Age": 7,
    "Size": 74,
    "Weight": "79"
  },
  {
    "Id": "bc6ae551-12e1-4796-95c2-bf38037c6ac8",
    "Name": "Dr. Zelma Santos Nolan",
    "Species": "Dauphin",
    "Age": 9,
    "Size": 78,
    "Weight": "46"
  },
  {
    "Id": "a5b7dfe4-eadf-465c-8a8e-65375e66eaf5",
    "Name": "Genevieve Schimmel MD",
    "Species": "Ornithorique",
    "Age": 8,
    "Size": 47,
    "Weight": "5"
  },
  {
    "Id": "9ffc3975-3342-4104-9afa-c6a4316b8a2a",
    "Name": "Mr. Ashlynn Boyer",
    "Species": "Chien",
    "Age": 8,
    "Size": 5,
    "Weight": "41"
  },
  {
    "Id": "624790e3-44e0-4d2f-b378-42e397ad06ca",
    "Name": "Bernie Wilderman",
    "Species": "Ornithorique",
    "Age": 0,
    "Size": 57,
    "Weight": "89"
  },
  {
    "Id": "dae17de3-f5c6-4ca3-a3a5-2a20c09405a7",
    "Name": "Dr. Oda Hope Dickinson III",
    "Species": "Oiseau",
    "Age": 3,
    "Size": 40,
    "Weight": "26"
  },
  {
    "Id": "d26e94de-a189-46bd-8d03-0e46119f80c0",
    "Name": "Mr. Kavon Cassin MD",
    "Species": "Poisson",
    "Age": 14,
    "Size": 41,
    "Weight": "75"
  },
  {
    "Id": "906adba4-b3ca-4948-a618-0ab6a11e2e36",
    "Name": "Miss Margarett Alexane Koelpin II",
    "Species": "Lezard",
    "Age": 3,
    "Size": 78,
    "Weight": "74"
  },
  {
    "Id": "d323c8f0-9d31-402a-b9ea-ec60647149d8",
    "Name": "Maiya Gia Bosco DVM",
    "Species": "Chat",
    "Age": 13,
    "Size": 58,
    "Weight": "63"
  },
  {
    "Id": "0582a198-98ab-4307-adc0-230ef70908d1",
    "Name": "Benedict Damon Stoltenberg Jr.",
    "Species": "Chien",
    "Age": 0,
    "Size": 72,
    "Weight": "75"
  },
  {
    "Id": "4fd29a8e-1a33-4fea-a347-035935283019",
    "Name": "Jacklyn Mosciski",
    "Species": "Chien",
    "Age": 0,
    "Size": 29,
    "Weight": "35"
  },
  {
    "Id": "4b98816e-f0d1-496e-b0d2-a0947083ebb4",
    "Name": "Jovany Ortiz",
    "Species": "Ornithorique",
    "Age": 9,
    "Size": 11,
    "Weight": "62"
  },
  {
    "Id": "776a9985-26bb-4db6-8a65-5bd4d5b743f4",
    "Name": "Trace Bode Jr.",
    "Species": "Poisson",
    "Age": 4,
    "Size": 47,
    "Weight": "54"
  },
  {
    "Id": "83436a55-e8dd-475b-bf12-ac8b49254d49",
    "Name": "Saul Torphy",
    "Species": "Chat",
    "Age": 17,
    "Size": 98,
    "Weight": "71"
  },
  {
    "Id": "c1a74202-39f5-4478-8255-c04f0304a62f",
    "Name": "Earl Heidenreich Jr.",
    "Species": "Ornithorique",
    "Age": 8,
    "Size": 55,
    "Weight": "49"
  },
  {
    "Id": "c0524d18-186f-4f96-a1f2-9d26dfa59bdc",
    "Name": "Mrs. Rick Damaris Mayert",
    "Species": "Chien",
    "Age": 0,
    "Size": 93,
    "Weight": "56"
  },
  {
    "Id": "912261b9-2f85-4054-9705-1fcb77097acc",
    "Name": "Rickey Dooley",
    "Species": "Oiseau",
    "Age": 15,
    "Size": 97,
    "Weight": "82"
  },
  {
    "Id": "a3f24063-113e-4a5c-86f2-d5835d7d7a14",
    "Name": "Tate O\u0027Keefe",
    "Species": "Poisson",
    "Age": 2,
    "Size": 90,
    "Weight": "22"
  },
  {
    "Id": "b6bcbe79-d0fe-463d-9088-c96f740ea757",
    "Name": "Jamey Cremin",
    "Species": "Lezard",
    "Age": 11,
    "Size": 15,
    "Weight": "62"
  },
  {
    "Id": "4e6566dd-1d30-4d18-9c56-6602c5b6d775",
    "Name": "Ms. Jaylon Welch DVM",
    "Species": "Poisson",
    "Age": 20,
    "Size": 55,
    "Weight": "5"
  },
  {
    "Id": "df71e3dd-465e-4f19-b8b3-f1c6f6c48393",
    "Name": "Hettie Daniel",
    "Species": "Chat",
    "Age": 5,
    "Size": 96,
    "Weight": "16"
  },
  {
    "Id": "eef643e7-ce6a-4086-9b89-a6a78e55b3bf",
    "Name": "Ms. Federico Boehm",
    "Species": "Oiseau",
    "Age": 3,
    "Size": 24,
    "Weight": "6"
  },
  {
    "Id": "c433c1f4-3213-4181-bce8-2e9b52016c8b",
    "Name": "Caleb Pagac",
    "Species": "Oiseau",
    "Age": 13,
    "Size": 58,
    "Weight": "84"
  },
  {
    "Id": "35b4f6ca-e5c8-4e5b-8a88-5acf35996bc6",
    "Name": "Astrid Wehner",
    "Species": "Dauphin",
    "Age": 10,
    "Size": 57,
    "Weight": "2"
  },
  {
    "Id": "d501a428-59f0-4444-8595-5dd998fbd6cb",
    "Name": "Mrs. Rashawn Rachael Hickle",
    "Species": "Ornithorique",
    "Age": 2,
    "Size": 55,
    "Weight": "25"
  },
  {
    "Id": "e5ae4223-c47b-4f98-a13b-09ebf4d8e39f",
    "Name": "Ms. Jovany Bartell DVM",
    "Species": "Chien",
    "Age": 11,
    "Size": 81,
    "Weight": "79"
  },
  {
    "Id": "c2b008a7-0f56-4398-933f-872e396c725d",
    "Name": "Osvaldo Fadel",
    "Species": "Dauphin",
    "Age": 9,
    "Size": 11,
    "Weight": "90"
  },
  {
    "Id": "cf7a14ef-cd08-45e5-b278-b9db7a708201",
    "Name": "Mr. Shyanne Shayne Paucek",
    "Species": "Ornithorique",
    "Age": 1,
    "Size": 89,
    "Weight": "19"
  },
  {
    "Id": "4976e1c0-a03b-4477-8bd9-aa0954759cca",
    "Name": "Josianne Ondricka",
    "Species": "Poisson",
    "Age": 12,
    "Size": 33,
    "Weight": "86"
  },
  {
    "Id": "5167d821-e714-4c7e-9833-0b67a8c0c2db",
    "Name": "Maribel Harvey",
    "Species": "Chien",
    "Age": 0,
    "Size": 81,
    "Weight": "58"
  },
  {
    "Id": "247ddb28-4d35-4f77-971d-6b48c7e9912b",
    "Name": "Reanna VonRueden",
    "Species": "Poisson",
    "Age": 0,
    "Size": 70,
    "Weight": "36"
  },
  {
    "Id": "cf342daf-1557-41f9-8d79-07b06db39cd7",
    "Name": "Damon Satterfield",
    "Species": "Lezard",
    "Age": 5,
    "Size": 30,
    "Weight": "13"
  },
  {
    "Id": "0f1c6dce-08d9-4440-8591-d302b481759b",
    "Name": "Dr. Abby Stephany Turner",
    "Species": "Chat",
    "Age": 2,
    "Size": 97,
    "Weight": "14"
  }
]