[{"Id":"a1f2c15a-5b2c-406f-ad47-2a7d7e46f8c0","Name":"Enclosure 0"},{"Id":"89e574ee-4db5-4b64-ad04-2b3991aa3a5f","Name":"Enclosure 1"},{"Id":"70e95bb6-e425-4675-a625-e942d27e539d","Name":"Enclosure 2"},{"Id":"a0c59b50-8fcf-4b16-b182-454477516d94","Name":"Enclosure 3"},{"Id":"f6d3e88b-fb15-4df0-8334-a8598d04b1fa","Name":"Enclosure 4"},{"Id":"6cf003de-d90e-4a16-9055-b902af65f8ae","Name":"Enclosure 5"},{"Id":"4824220e-3dcb-4eac-a9f0-459d881d5e4d","Name":"Enclosure 6"},{"Id":"16bb8df3-b620-4f33-bfb8-87afe990bcf1","Name":"Enclosure 7"},{"Id":"79aefd3a-c7b6-43eb-a35c-d3d86537a424","Name":"Enclosure 8"},{"Id":"0fc45019-2610-4693-b104-78f43c19f524","Name":"Enclosure 9"},{"Id":"aa11231e-69ef-43b5-84fe-fc603b215ad4","Name":"Enclosure 10"},{"Id":"2663d951-7ecb-490e-aa14-e534a24329d6","Name":"Enclosure 11"},{"Id":"61f755a5-ddb3-4c68-8701-73f7c517af58","Name":"Enclosure 12"},{"Id":"6ea1c0fe-79e3-45c3-8f46-be728830e59d","Name":"Enclosure 13"},{"Id":"ba751550-d07f-4544-83c4-450d14540fec","Name":"Enclosure 14"},{"Id":"bb917efc-7f2c-4d01-a33e-f05e93d17821","Name":"Enclosure 15"},{"Id":"0c2de6f8-66d4-427a-a3cb-4df38a1080f0","Name":"Enclosure 16"},{"Id":"c321db66-9786-4828-8de8-8f3541b4040e","Name":"Enclosure 17"},{"Id":"94aea04c-718c-4e3a-ad82-1c4f986a10d8","Name":"Enclosure 18"},{"Id":"f4642d35-6a02-47f6-8f18-95112a276a11","Name":"Enclosure 19"},{"Id":"016c248a-38b3-4694-91aa-7d966d6af0c7","Name":"Enclosure 20"},{"Id":"6a364cb9-7d3f-4e3a-a368-8d9e11d46c2c","Name":"Enclosure 21"},{"Id":"11a016f6-f92f-4878-9a19-1cef19f8d107","Name":"Enclosure 22"},{"Id":"1b8b00fd-2d70-47fd-b823-411ca4b4f30c","Name":"Enclosure 23"},{"Id":"faf4f398-9d22-40d0-9170-aba90dff1fbd","Name":"Enclosure 24"},{"Id":"244a7274-ca6f-448c-8e9a-bfea8f0e8084","Name":"Enclosure 25"},{"Id":"ce9b8940-0936-4c2f-bc7a-b6678436a576","Name":"Enclosure 26"},{"Id":"9bad2f65-3d5a-4570-8141-bd9eb46f201b","Name":"Enclosure 27"},{"Id":"83a0c1df-8a8f-4349-8af6-dc0c411757f2","Name":"Enclosure 28"},{"Id":"094fe787-cf85-406b-8cbf-a92183c59cd5","Name":"Enclosure 29"},{"Id":"0feceac4-8d79-472c-b522-cdc3965aa00f","Name":"Enclosure 30"},{"Id":"41abee54-c315-43ce-9287-0145bf6f8430","Name":"Enclosure 31"},{"Id":"eea7c805-29d4-456f-86fd-ad07ddfa0de6","Name":"Enclosure 32"},{"Id":"3bd56b14-1245-4db4-8c9f-4912bc6f8480","Name":"Enclosure 33"},{"Id":"a9a484ce-3d8b-4482-abf3-9e0fbac0afd0","Name":"Enclosure 34"},{"Id":"0f1cac2b-1a5b-4f68-b535-22bc3ba0eb4f","Name":"Enclosure 35"},{"Id":"fec1d7ee-b0bf-408d-b701-e1786fbe932b","Name":"Enclosure 36"},{"Id":"0f525b53-8007-4235-948f-c23577c0b0b6","Name":"Enclosure 37"},{"Id":"313538d9-a0eb-44b3-ba5a-6c888da7a3bc","Name":"Enclosure 38"},{"Id":"bb413b48-d865-4b57-9a37-fc7a61d2445d","Name":"Enclosure 39"},{"Id":"190079b7-1798-4d38-8842-aa8e794c0ad1","Name":"Enclosure 40"},{"Id":"74ea20fe-72e4-4a8c-95c4-0ebba65b8130","Name":"Enclosure 41"},{"Id":"941470c5-986e-47b9-9e01-a1c9b29f1199","Name":"Enclosure 42"},{"Id":"73db4344-e217-4cba-a6c1-8cf5057bd4d0","Name":"Enclosure 43"},{"Id":"f244b983-3548-49ea-85a8-17a432bbd3d2","Name":"Enclosure 44"},{"Id":"556ba866-8e87-4743-a2c3-29cfd9476015","Name":"Enclosure 45"},{"Id":"0bab7fe8-a539-4e14-a8c2-5aaf30324225","Name":"Enclosure 46"},{"Id":"c5983e73-a39c-4ace-ada3-ac9fbdb92e5f","Name":"Enclosure 47"},{"Id":"78420c0d-fc05-468e-8ca2-a1e6462191bd","Name":"Enclosure 48"},{"Id":"bcd50eb3-0d83-4e8f-9c39-59fdddab1430","Name":"Enclosure 49"},{"Id":"43376383-e2b6-4aed-891b-8f4c50e2ba7d","Name":"Enclosure 50"},{"Id":"30478e7c-6505-441e-a9d6-3c06a7745158","Name":"Enclosure 51"},{"Id":"64893065-2d46-4241-a0a4-8274536d4e39","Name":"Enclosure 52"},{"Id":"8752b701-e11e-4bef-b836-8efc0d681c6a","Name":"Enclosure 53"},{"Id":"8770b84f-3a0a-443d-9daf-119dfc61c468","Name":"Enclosure 54"},{"Id":"41bf2fe9-a99e-46f2-9fef-2c402b328756","Name":"Enclosure 55"},{"Id":"36253d3a-b092-493f-a87d-cf0885866ee5","Name":"Enclosure 56"},{"Id":"1625701a-fd21-492e-be61-0b0eeb4702b6","Name":"Enclosure 57"},{"Id":"61bec698-a8c4-4245-942a-6a3eb39b0ce2","Name":"Enclosure 58"},{"Id":"f89ce3e8-444d-4d02-a838-127f28e0d073","Name":"Enclosure 59"},{"Id":"5a01936d-3f91-4176-bfe7-59bdec73cf30","Name":"Enclosure 60"},{"Id":"84217760-bafc-4188-af47-e367f295fbae","Name":"Enclosure 61"},{"Id":"ca790a0c-a286-4381-b13a-a78d0672477a","Name":"Enclosure 62"},{"Id":"d92d6aa8-fb0a-43c9-adf0-6a994e73335b","Name":"Enclosure 63"},{"Id":"48dc6c17-47c4-4a98-8688-64470f1db84f","Name":"Enclosure 64"},{"Id":"17b77022-9135-49a0-84e8-36c06eee35e7","Name":"Enclosure 65"},{"Id":"8503e37b-daa5-4a4f-9a54-7415751bdbf3","Name":"Enclosure 66"},{"Id":"23de0702-16da-435c-a9b4-e5d244ed78dc","Name":"Enclosure 67"},{"Id":"76afd34f-12de-4c8a-8bad-ffde3f1f8671","Name":"Enclosure 68"},{"Id":"7d5f8fcc-897f-42c5-9fb5-9aa25cc56757","Name":"Enclosure 69"},{"Id":"786d855e-7fa0-49fc-b8bb-f1127388c5dc","Name":"Enclosure 70"},{"Id":"152dcbba-0af8-4384-aece-c163043d640a","Name":"Enclosure 71"},{"Id":"41bae00a-b2b0-4a12-904b-528ec98b6f81","Name":"Enclosure 72"},{"Id":"73e5282c-6dd2-470b-9675-dd4a53ab2bb3","Name":"Enclosure 73"},{"Id":"d5520f83-c7f4-464b-a5fe-2e24b165c98a","Name":"Enclosure 74"},{"Id":"bbe00830-8225-4910-b61d-f191b93b38d3","Name":"Enclosure 75"},{"Id":"e1676681-c8f8-46c4-9f26-dc8514f9486d","Name":"Enclosure 76"},{"Id":"df910c34-013b-4381-a897-fa6d1f1385c0","Name":"Enclosure 77"},{"Id":"a0bae443-a9d1-4352-a68c-726821168422","Name":"Enclosure 78"},{"Id":"79f69ad2-0a2e-4020-8060-10290f115541","Name":"Enclosure 79"},{"Id":"87ff28fa-e7ec-4f76-a6f7-a842365945df","Name":"Enclosure 80"},{"Id":"b9a88bea-72bc-4517-afa1-6e5044717552","Name":"Enclosure 81"},{"Id":"c1d41b6d-1fc0-446a-ad90-abf9770505ae","Name":"Enclosure 82"},{"Id":"79f60f0b-a617-4caa-a9a9-c74868641a91","Name":"Enclosure 83"},{"Id":"2020fb87-8aad-49fe-b933-79153ddbf9ab","Name":"Enclosure 84"},{"Id":"c4b823a6-f993-4e2d-812b-a3f3dbfef10e","Name":"Enclosure 85"},{"Id":"e75134ca-29ac-4c94-979b-0faa76c07f3b","Name":"Enclosure 86"},{"Id":"28db8857-3ab6-4fd4-8036-ecc848c4da83","Name":"Enclosure 87"},{"Id":"0d6f0e40-2881-45ff-8650-168e42887594","Name":"Enclosure 88"},{"Id":"bfbeeedc-ec9e-4e66-b619-469f5a58cff7","Name":"Enclosure 89"},{"Id":"a1ded991-681d-4b63-9c56-be8deac588b6","Name":"Enclosure 90"},{"Id":"0cc99934-95f4-47cc-b93b-1d54cf1f37c8","Name":"Enclosure 91"},{"Id":"c56e7015-faa3-4b9e-a07c-02a1fe93a301","Name":"Enclosure 92"},{"Id":"b3e16d2c-2475-4a85-8d90-91a9586b17fd","Name":"Enclosure 93"},{"Id":"e2a0ae70-1be5-4deb-a58b-51f552570ba7","Name":"Enclosure 94"},{"Id":"51fb71e5-41ff-43fd-bd9a-3c78552a6c72","Name":"Enclosure 95"},{"Id":"c2a245d5-daec-49d7-af2f-3e3934406b16","Name":"Enclosure 96"},{"Id":"f77dba67-29de-4e2b-a502-76f93a892489","Name":"Enclosure 97"},{"Id":"a32a28fd-4050-4d44-96b6-fc16aa89184a","Name":"Enclosure 98"},{"Id":"4fa6cc48-5e6d-4af9-9eb9-01bc2dd6e23a","Name":"Enclosure 99"}]