[{"Id":"ae96450a-9069-4713-880c-6047d63878c6","Name":"Enclosure 0"},{"Id":"f35a5e19-90f8-4967-928f-5f73d5b2048b","Name":"Enclosure 1"},{"Id":"479fd65d-3e46-4656-bb0f-8cdfcc186150","Name":"Enclosure 2"},{"Id":"d36d4953-9620-4545-b741-1a8250f7d1e8","Name":"Enclosure 3"},{"Id":"052341fd-4852-4cae-8d4b-0e87fa913f73","Name":"Enclosure 4"},{"Id":"8016516c-d236-4ba2-aad4-2defd06cf463","Name":"Enclosure 5"},{"Id":"06ddd18a-87a2-4a92-963f-36c5ff4e1bc3","Name":"Enclosure 6"},{"Id":"00ca1795-1908-46d1-932c-127597ee6e6e","Name":"Enclosure 7"},{"Id":"fa865795-0d35-4324-b1f0-58fd870574ed","Name":"Enclosure 8"},{"Id":"d7e55720-ffcb-4c79-9593-6a5efb31c681","Name":"Enclosure 9"},{"Id":"1fdb9ef8-a39e-415b-8c29-d5d6ebc076b3","Name":"Enclosure 10"},{"Id":"ff957c88-7f91-4bf0-86a4-95f2245daefb","Name":"Enclosure 11"},{"Id":"f6dc63bc-1de7-4a22-b0be-9735a1a01b49","Name":"Enclosure 12"},{"Id":"3be96024-6872-4d31-a785-64523a48efcd","Name":"Enclosure 13"},{"Id":"511402e9-72a5-4f5d-9292-5fbba4a871a2","Name":"Enclosure 14"},{"Id":"c27e0212-7898-44ff-9053-120b558454cf","Name":"Enclosure 15"},{"Id":"74e05ce5-95ba-4d30-8088-f808567b28ca","Name":"Enclosure 16"},{"Id":"989628f2-f53c-4961-98ca-f25799324347","Name":"Enclosure 17"},{"Id":"2ec6e289-c02e-4b96-afbe-008f9aae0c7c","Name":"Enclosure 18"},{"Id":"45bfa16f-c72d-4546-ade2-d414884fb03d","Name":"Enclosure 19"},{"Id":"12225d38-b1da-4e66-b958-f452b7be6831","Name":"Enclosure 20"},{"Id":"ad0ef54a-8dd8-4935-98c4-e568d0a0cba6","Name":"Enclosure 21"},{"Id":"b867820b-f64a-40a9-90e2-e95d9c816395","Name":"Enclosure 22"},{"Id":"962eb04a-4e01-4f9b-b410-46cf107dbb52","Name":"Enclosure 23"},{"Id":"e086adf5-2620-42f1-a400-f72c7927cdbd","Name":"Enclosure 24"},{"Id":"1978ac84-3dc3-4e2d-a7e2-108947be0948","Name":"Enclosure 25"},{"Id":"a786dce6-f9df-4f6a-9d19-2bd295fc7d3a","Name":"Enclosure 26"},{"Id":"7a901276-b1d2-4e74-ac15-169db72766cb","Name":"Enclosure 27"},{"Id":"cc3bc769-fca5-4ddd-95fd-4e5908cfbc29","Name":"Enclosure 28"},{"Id":"ebb34d6e-e175-45a0-93c3-51fb74ce8f65","Name":"Enclosure 29"},{"Id":"de534593-27ee-40d6-b76f-a9ece46746bb","Name":"Enclosure 30"},{"Id":"52aa612f-111a-4dc1-a7e8-7168ce0fcbda","Name":"Enclosure 31"},{"Id":"0f76113d-28d7-4282-a3f2-465dfe594666","Name":"Enclosure 32"},{"Id":"8636307c-b876-4fab-b163-9262b8be6a5b","Name":"Enclosure 33"},{"Id":"d56a30de-2b28-4f13-b339-e0a4a39a82bb","Name":"Enclosure 34"},{"Id":"3a53f512-7ca4-4050-9263-3395249c8428","Name":"Enclosure 35"},{"Id":"f478f18b-137f-4c34-8a04-61b8c6bc0e0d","Name":"Enclosure 36"},{"Id":"a3b015f1-8fa8-4510-acfd-c66c94febbcb","Name":"Enclosure 37"},{"Id":"f62430f6-7fc5-4628-be5f-7de4528e06ce","Name":"Enclosure 38"},{"Id":"3b6cbe73-9a91-4dd2-8875-f0d13f016e53","Name":"Enclosure 39"},{"Id":"12d79c70-d607-43e3-9bdb-153c04056b49","Name":"Enclosure 40"},{"Id":"e457a5f7-a481-40b3-938f-b054b49b4f86","Name":"Enclosure 41"},{"Id":"fedab41a-40d6-4256-9d64-9f4b02e5f078","Name":"Enclosure 42"},{"Id":"7d240643-9c69-4a2c-9fff-e84a9a51dae5","Name":"Enclosure 43"},{"Id":"12acefac-42da-4ecb-9d30-61cf215b967f","Name":"Enclosure 44"},{"Id":"985839d3-cfe5-4c83-8825-2456f8e6cd95","Name":"Enclosure 45"},{"Id":"78799cb7-31d8-407e-aa45-5c25d9d38c9f","Name":"Enclosure 46"},{"Id":"05213861-5863-4976-928f-01613cd6cf93","Name":"Enclosure 47"},{"Id":"294d886a-be5d-4331-9a84-e9462866d167","Name":"Enclosure 48"},{"Id":"466d4a21-3b3a-40e4-9d54-ffc182589dad","Name":"Enclosure 49"},{"Id":"d63d2436-64dd-4cad-9506-a9da826e3312","Name":"Enclosure 50"},{"Id":"d8aa7bae-9bf8-4b82-94f9-a521577bfe11","Name":"Enclosure 51"},{"Id":"853e17bd-bf3c-41c7-b48f-d4707f338a7c","Name":"Enclosure 52"},{"Id":"a78527a4-2fd1-4149-aea5-4699f299ec23","Name":"Enclosure 53"},{"Id":"5be48cfc-e1b8-4384-a5e1-1e37066afc0b","Name":"Enclosure 54"},{"Id":"37f5bb6e-7750-444c-ba25-85f472e1a8b2","Name":"Enclosure 55"},{"Id":"3451de33-00dd-4aab-b850-45a9c929f384","Name":"Enclosure 56"},{"Id":"9209d4df-fc04-4b53-be6b-0d3a05521763","Name":"Enclosure 57"},{"Id":"6e295fd1-7392-43e4-8543-cd69b92fa461","Name":"Enclosure 58"},{"Id":"7ad4549d-0bf4-4b19-92c7-16fe36805600","Name":"Enclosure 59"},{"Id":"bb17e061-9a1e-466b-a3f7-3acc47ff24ea","Name":"Enclosure 60"},{"Id":"334359a2-7a71-4aa0-a80d-61318502ba0d","Name":"Enclosure 61"},{"Id":"064042f1-14fb-4f33-b432-977fdd993d65","Name":"Enclosure 62"},{"Id":"29a3f7af-1f2e-4478-9e9c-36ff7331b839","Name":"Enclosure 63"},{"Id":"183bf25e-5bb7-4c8c-912d-c05f4c0e88c8","Name":"Enclosure 64"},{"Id":"80c15ce3-f324-4f72-add3-4c53578fc0f5","Name":"Enclosure 65"},{"Id":"5ea9e0b1-e1e0-4fc2-a702-cb312db16c5a","Name":"Enclosure 66"},{"Id":"dfd54756-948b-48c0-9b61-a4e61946a133","Name":"Enclosure 67"},{"Id":"38674c53-73f6-42cc-9407-72a104b3de5e","Name":"Enclosure 68"},{"Id":"5b07a721-743b-467f-8798-ca2ab758acd7","Name":"Enclosure 69"},{"Id":"033fabb7-0479-40fc-8e3f-9a58b7395c20","Name":"Enclosure 70"},{"Id":"78f91b37-a164-43cd-bbcd-81e07bc3f3e7","Name":"Enclosure 71"},{"Id":"24e7c183-58c8-4aea-a7dc-202b9c2ccddb","Name":"Enclosure 72"},{"Id":"e418a658-ffbd-4fa6-8ec7-37a1b1ee55bc","Name":"Enclosure 73"},{"Id":"93fbfa3b-dd14-4afe-8ed5-92da7183964d","Name":"Enclosure 74"},{"Id":"503b093d-f402-47d8-8cbe-bc676a892fed","Name":"Enclosure 75"},{"Id":"ab7e537c-8b03-420f-9e63-bcb0be5a6f98","Name":"Enclosure 76"},{"Id":"a15c2c1c-f84d-4ebb-8642-20b9b2ce87b1","Name":"Enclosure 77"},{"Id":"526adfac-b686-4cb6-a44e-2caa4dc9e96a","Name":"Enclosure 78"},{"Id":"29a7616d-e943-43be-8d90-db20dfd93300","Name":"Enclosure 79"},{"Id":"8b8e90cf-2666-4e60-a4e8-79586019a7c2","Name":"Enclosure 80"},{"Id":"11df95eb-82e6-4736-aa9a-8d3a031bd91f","Name":"Enclosure 81"},{"Id":"6de2e273-3ea9-4008-948e-2ef112a8426f","Name":"Enclosure 82"},{"Id":"34a8eb99-e54f-41c6-963f-8e6b50cb8ca6","Name":"Enclosure 83"},{"Id":"a3f48035-0271-4bbe-a058-33db6c6c95ad","Name":"Enclosure 84"},{"Id":"faca7df1-f073-46e8-96e4-390f2eb76e7f","Name":"Enclosure 85"},{"Id":"5daa022a-1c3f-4c8e-827b-760c119aa9b2","Name":"Enclosure 86"},{"Id":"62fbc189-c841-442c-a713-22e6c5380783","Name":"Enclosure 87"},{"Id":"ae8678ba-3dc4-419d-986f-1ae1e993af9e","Name":"Enclosure 88"},{"Id":"f4a1a846-db6d-4447-8c73-30bcb80fdec3","Name":"Enclosure 89"},{"Id":"e774b1e4-a8ae-45fb-8f28-c1bcb1c5539e","Name":"Enclosure 90"},{"Id":"5380d2cf-4735-4c8c-ada5-8b9273e82e94","Name":"Enclosure 91"},{"Id":"5b6ef466-3aa3-4cf2-a0fd-dc6e53acbd9e","Name":"Enclosure 92"},{"Id":"ed6fcdc9-9136-4c23-9e14-fc42e53a6410","Name":"Enclosure 93"},{"Id":"04f3f8dd-f156-4d27-8bc1-016118e78590","Name":"Enclosure 94"},{"Id":"2690e94a-7e77-4e9f-8169-3a44e07ef313","Name":"Enclosure 95"},{"Id":"2ae2a246-0068-419d-9886-f9bdc2a31e46","Name":"Enclosure 96"},{"Id":"6338b557-17e4-4662-a02d-f11ce5f12974","Name":"Enclosure 97"},{"Id":"357b6040-8a09-4ce7-8ee7-599143eb9671","Name":"Enclosure 98"},{"Id":"212d7d63-1b01-40fc-894e-4e7afc08e4a1","Name":"Enclosure 99"}]