[{"Id":"fb0773ee-4b5d-4c1d-a228-0c42dcc329e7","Name":"Enclosure 0"},{"Id":"37679f9c-ec5d-4215-8851-2d006d0339a2","Name":"Enclosure 1"},{"Id":"fac50c72-672a-47d9-a2a6-a6d11b0ba0d6","Name":"Enclosure 2"},{"Id":"dabed682-8a6c-463f-ac16-50db5e6952a2","Name":"Enclosure 3"},{"Id":"8adc6523-8d42-48e0-818f-13dff0d466ec","Name":"Enclosure 4"},{"Id":"e30c27e9-a8b2-435e-853d-aef345aaa4af","Name":"Enclosure 5"},{"Id":"9725111f-95e7-44d9-98ea-27e01f82b557","Name":"Enclosure 6"},{"Id":"60aca1b0-1ef0-48f1-b80a-37e4418d2ed8","Name":"Enclosure 7"},{"Id":"850a4c53-5d6e-4710-a04f-b11efbf72bab","Name":"Enclosure 8"},{"Id":"36dabd46-a9d8-4283-a7ba-923e533b5c53","Name":"Enclosure 9"},{"Id":"171270da-292b-4866-b42a-8b3b0b57569a","Name":"Enclosure 10"},{"Id":"74b41cd9-df3f-4ddf-9f09-d6e1a1e98fd9","Name":"Enclosure 11"},{"Id":"498ed76e-0d6d-4707-8f21-ba0110564005","Name":"Enclosure 12"},{"Id":"733048f7-e708-4a82-b22c-920135a87763","Name":"Enclosure 13"},{"Id":"3efe9d9e-52c8-4615-a150-1ce41a6c4c50","Name":"Enclosure 14"},{"Id":"fe61fae5-5881-4a59-8c02-fb00b2579450","Name":"Enclosure 15"},{"Id":"f622ca24-c0db-457a-b7c9-63c231cc0c8c","Name":"Enclosure 16"},{"Id":"826ee4af-8253-442a-8401-64c80d6d646c","Name":"Enclosure 17"},{"Id":"e9150ed3-8cd2-481e-969d-9a3bf8cd0ca2","Name":"Enclosure 18"},{"Id":"75252674-56f4-412b-b88d-636d4d2293b1","Name":"Enclosure 19"},{"Id":"a1f62e9d-b1f0-400d-bacf-47bd4c5179dc","Name":"Enclosure 20"},{"Id":"e4c77b8a-231e-482f-a5eb-926b3a6e0d10","Name":"Enclosure 21"},{"Id":"d3fa9a7f-d450-43d3-a981-05fd0b97a913","Name":"Enclosure 22"},{"Id":"f056c114-2033-4d19-a19c-c259df6072a0","Name":"Enclosure 23"},{"Id":"dd099b9e-5bae-4a85-b874-d50031c58a38","Name":"Enclosure 24"},{"Id":"01187761-1278-46eb-87d0-7dfb8e200391","Name":"Enclosure 25"},{"Id":"2725ccfa-7a88-40a6-a080-5287af2e366e","Name":"Enclosure 26"},{"Id":"4acf196f-7b99-41df-864a-ded20ff388ae","Name":"Enclosure 27"},{"Id":"518ddef8-1954-4807-a9b4-6c4c3661ec06","Name":"Enclosure 28"},{"Id":"5c8c7b19-11af-481a-9b46-667e780e7ee0","Name":"Enclosure 29"},{"Id":"3f1d563c-35ce-4479-a3b4-9b744779eb5b","Name":"Enclosure 30"},{"Id":"af435743-a89f-4c68-8436-ac5abcbc859d","Name":"Enclosure 31"},{"Id":"b7087965-8f9a-4327-91a9-ba911c001d6f","Name":"Enclosure 32"},{"Id":"6121ba59-d7ad-4af1-a1c0-34199f5a1339","Name":"Enclosure 33"},{"Id":"5d7eccd3-8834-47a8-935c-76aee017c0b0","Name":"Enclosure 34"},{"Id":"c4f0f0bb-4a14-4cb1-ad82-aed275e54630","Name":"Enclosure 35"},{"Id":"6de45f45-6ee8-4633-81a2-9ad012c260cb","Name":"Enclosure 36"},{"Id":"3327a941-8770-4f24-ae37-872926a286c2","Name":"Enclosure 37"},{"Id":"fcad5436-85bd-4708-8e59-1540e7c86569","Name":"Enclosure 38"},{"Id":"7e8058c8-0ed2-4726-8152-ed0664b0b889","Name":"Enclosure 39"},{"Id":"faed11a6-7d14-48b1-85a8-01c13216e2ec","Name":"Enclosure 40"},{"Id":"ecc1e79f-b159-4aa9-acd3-58f2c1584976","Name":"Enclosure 41"},{"Id":"77814a6b-4525-42a8-8f02-144b87f49e65","Name":"Enclosure 42"},{"Id":"5d2d6e33-6a48-4a2d-8a97-3dc7092cf23d","Name":"Enclosure 43"},{"Id":"1d550aab-2646-410e-9d4c-ff55b9a732d1","Name":"Enclosure 44"},{"Id":"46b03607-3840-4319-a4c1-f6bcbb1daed1","Name":"Enclosure 45"},{"Id":"2f51da31-98fa-466b-b95a-2e1198d7ec2d","Name":"Enclosure 46"},{"Id":"5ebfad66-f00b-4ce0-8f5a-b3ec0afd2825","Name":"Enclosure 47"},{"Id":"cae16a10-9341-469c-b62c-2b7d62a243dd","Name":"Enclosure 48"},{"Id":"c1f9487e-46f2-45f1-9c83-8027582ebc7d","Name":"Enclosure 49"},{"Id":"d06b0b8b-cb14-43d1-8b95-e45a43e8f032","Name":"Enclosure 50"},{"Id":"cd5f7be3-42c9-41a5-a8ee-9c62e4432384","Name":"Enclosure 51"},{"Id":"755e8490-6681-4e98-bebc-c6a723fe56f4","Name":"Enclosure 52"},{"Id":"831fd733-a4c4-445b-a27c-7202f32a7898","Name":"Enclosure 53"},{"Id":"cbd27378-cb68-463b-b9a7-d17062aa5eac","Name":"Enclosure 54"},{"Id":"44b7cfc1-e8f9-49e4-a701-2435e656c267","Name":"Enclosure 55"},{"Id":"d5905bd6-4f89-4a07-878a-1da8e9164bc8","Name":"Enclosure 56"},{"Id":"a3974963-5ca7-4423-8e6a-283dd6f18a14","Name":"Enclosure 57"},{"Id":"e129518f-3d88-4b29-af30-2759af012c79","Name":"Enclosure 58"},{"Id":"78069741-16c7-4df5-bd72-2f75110dffd1","Name":"Enclosure 59"},{"Id":"6e6f7a61-ccfd-46d6-9998-02b27adbc5fd","Name":"Enclosure 60"},{"Id":"c4742adb-5380-43de-8a72-7813a08b7c77","Name":"Enclosure 61"},{"Id":"8ede80aa-8ece-444a-a475-0ccc895e9315","Name":"Enclosure 62"},{"Id":"e1e59f36-fe50-429e-b5c9-74615da966b5","Name":"Enclosure 63"},{"Id":"64f5ce83-c0f4-49e0-b6e2-2de6ef4b028a","Name":"Enclosure 64"},{"Id":"ec883315-b34d-4b67-b244-8bdda25ed8b7","Name":"Enclosure 65"},{"Id":"3934b858-c299-4d78-af06-4652d15bfc14","Name":"Enclosure 66"},{"Id":"5a9f527a-d07b-49ce-b08b-0a6afedd2a38","Name":"Enclosure 67"},{"Id":"9d55370c-61e1-4648-a242-9238226b3c81","Name":"Enclosure 68"},{"Id":"a9529150-0f41-4c27-8e37-6032bdd81641","Name":"Enclosure 69"},{"Id":"32fdb6c8-6fef-4194-90ce-ac057815869f","Name":"Enclosure 70"},{"Id":"d91d02af-8ae9-4636-8bca-3af5f26e2db7","Name":"Enclosure 71"},{"Id":"ed94788b-3b82-482e-99e6-675a61298106","Name":"Enclosure 72"},{"Id":"df229133-0954-4e7e-b941-ed56a92314d8","Name":"Enclosure 73"},{"Id":"ff7c09c5-664c-475b-b395-5b0aa238c8c5","Name":"Enclosure 74"},{"Id":"53a71023-c8f0-4a41-819f-6dfe89b358f0","Name":"Enclosure 75"},{"Id":"5d2a7fac-d9d3-4bca-9b51-599adff42942","Name":"Enclosure 76"},{"Id":"9427c9b0-0c00-42a9-89b1-da75696cac7b","Name":"Enclosure 77"},{"Id":"75ef0de1-6555-42bd-8d36-e1fcfc942657","Name":"Enclosure 78"},{"Id":"a45af247-f184-4a80-98b2-3ab8a1c18eb2","Name":"Enclosure 79"},{"Id":"e93ebdd8-d9a5-4c2a-8b27-4c9bb1cf8ad2","Name":"Enclosure 80"},{"Id":"99e842e9-4921-42b5-b673-95e6691de2ac","Name":"Enclosure 81"},{"Id":"6e217a00-8e36-4ef8-9baf-f130b6ae3b3e","Name":"Enclosure 82"},{"Id":"1e543dbc-1d6e-4ca7-9247-f3b424815c5d","Name":"Enclosure 83"},{"Id":"96648718-a4b5-4f50-b286-db54aabba45a","Name":"Enclosure 84"},{"Id":"f5be8e44-1e19-42b3-9f17-b1dbb806d4d8","Name":"Enclosure 85"},{"Id":"82941319-9b68-47c7-989b-092ff9ba5279","Name":"Enclosure 86"},{"Id":"30cc3c89-da0c-46e6-b44e-151c3b6b192c","Name":"Enclosure 87"},{"Id":"b6f197fd-97e4-492d-a5a7-c3cadd23191c","Name":"Enclosure 88"},{"Id":"5743f6ea-3b4f-4d0e-aed2-edf130bab85c","Name":"Enclosure 89"},{"Id":"86862e81-7d25-461b-9747-78fc9436b6a8","Name":"Enclosure 90"},{"Id":"b54a7414-ecc7-4c0d-8b7b-05d6b53fa09e","Name":"Enclosure 91"},{"Id":"ad173a29-9d86-4f97-b7cd-9c9fc78b9d4d","Name":"Enclosure 92"},{"Id":"1083d81c-d6fb-4c8e-9641-49391a479b97","Name":"Enclosure 93"},{"Id":"46b6c842-5e22-4b96-aa33-b922d73c3f5b","Name":"Enclosure 94"},{"Id":"072469fa-74fa-41c3-b154-8bff33db1b79","Name":"Enclosure 95"},{"Id":"7d8e2415-23c3-4610-af47-9bd8f3585685","Name":"Enclosure 96"},{"Id":"5886b661-c54d-443b-b0bd-4df8f1443c4e","Name":"Enclosure 97"},{"Id":"5a88c9ee-90e0-4c4a-a0d9-e05e07766b7f","Name":"Enclosure 98"},{"Id":"012f9099-fb6d-4560-902c-6e4c17195f54","Name":"Enclosure 99"}]