[{"Id":"e1137182-4aa4-410d-94f8-63ca611deeb8","Name":"Enclosure 0"},{"Id":"850e9e59-3eac-4781-b374-9b2bc4ed6c5a","Name":"Enclosure 1"},{"Id":"fb2a6929-20a6-49ca-8f73-9bd4899daa16","Name":"Enclosure 2"},{"Id":"3a802681-30ac-4d4d-806f-04a5e324a10e","Name":"Enclosure 3"},{"Id":"27357885-44dd-4c49-becf-2b06a8c0efb4","Name":"Enclosure 4"},{"Id":"997e9524-adf2-4902-8b2c-944458868dd7","Name":"Enclosure 5"},{"Id":"fdaa6188-6979-4561-8718-ac9681848306","Name":"Enclosure 6"},{"Id":"4257e8b7-f637-40d4-b6af-416fff8ab2a4","Name":"Enclosure 7"},{"Id":"cbc115b5-5593-43e6-bd26-c0cd43247647","Name":"Enclosure 8"},{"Id":"4c28cf56-da55-4fc3-a024-d199fdc365de","Name":"Enclosure 9"},{"Id":"5bec48be-9aeb-4229-8341-725cac493648","Name":"Enclosure 10"},{"Id":"447598d7-a029-48f9-8b30-a568dc262d41","Name":"Enclosure 11"},{"Id":"5fcec99b-a03f-48f8-9420-d6d0eaf7dcdf","Name":"Enclosure 12"},{"Id":"532240f2-8fd3-43ee-b0e8-6f539030788e","Name":"Enclosure 13"},{"Id":"f21fb287-2f16-4cf6-a034-af299ff73b7e","Name":"Enclosure 14"},{"Id":"ae5b8c5b-91f4-4197-8cf9-c3f4dab68fbd","Name":"Enclosure 15"},{"Id":"ce9b7626-0951-4aeb-8ab8-e8b5368fc749","Name":"Enclosure 16"},{"Id":"2eca5acb-a087-490e-ad8d-1cfb05ead1f7","Name":"Enclosure 17"},{"Id":"483ed2cd-f0f3-4c32-9bfc-7ea280f44a7c","Name":"Enclosure 18"},{"Id":"a72415d2-e143-428a-8dde-460d24bf39d2","Name":"Enclosure 19"},{"Id":"99f11e99-d03d-488a-a198-f38ab80b2909","Name":"Enclosure 20"},{"Id":"ca6f80ed-e690-4565-9f5b-3ff2600675d0","Name":"Enclosure 21"},{"Id":"a5ad2dc5-4c09-4b26-abd0-e226e6aad14d","Name":"Enclosure 22"},{"Id":"d13f21d3-a4e7-4020-951b-f1b7c2a13990","Name":"Enclosure 23"},{"Id":"5f46d68b-f719-463b-a54e-c880b5a5ce87","Name":"Enclosure 24"},{"Id":"85ec26f6-d64d-44c4-a666-baf221227d29","Name":"Enclosure 25"},{"Id":"7b0214c3-5b56-43a7-8eb8-d2bc70a5257f","Name":"Enclosure 26"},{"Id":"66b06ca6-c251-48ce-9924-e9b48ff8cd0d","Name":"Enclosure 27"},{"Id":"4a195fd2-6804-422c-a2bf-ab4a7825f317","Name":"Enclosure 28"},{"Id":"e0fa8f3e-789a-4e65-bc8c-98ad4160eb04","Name":"Enclosure 29"},{"Id":"88971061-54e9-4670-94b9-dcc2258f6812","Name":"Enclosure 30"},{"Id":"083963ba-eb83-45d2-ae45-280e96a16459","Name":"Enclosure 31"},{"Id":"4f3eefbc-93e3-4631-b06f-329eb5a512ae","Name":"Enclosure 32"},{"Id":"046251f5-b404-4d50-8b8d-31cf68fb735a","Name":"Enclosure 33"},{"Id":"78104f24-ccec-45d0-a69f-a291393a2a14","Name":"Enclosure 34"},{"Id":"048cf1fa-e600-4079-8f7f-b40bdc038d85","Name":"Enclosure 35"},{"Id":"1fef31ff-34da-4b58-9574-50fcb47dd420","Name":"Enclosure 36"},{"Id":"1a178bba-2145-450d-87c2-b4b08fd49e2b","Name":"Enclosure 37"},{"Id":"9fab4e00-bfdc-447b-9ff8-ccf863e9ccbf","Name":"Enclosure 38"},{"Id":"460a1c3f-47f8-4e4c-bc39-26c078ee0d27","Name":"Enclosure 39"},{"Id":"ab60862c-cd0f-4da7-8847-420a7da908c9","Name":"Enclosure 40"},{"Id":"61482b2b-8f26-4546-a77e-1980f0b0bab1","Name":"Enclosure 41"},{"Id":"84c04b29-3d01-4d2a-82f6-d112728c8239","Name":"Enclosure 42"},{"Id":"06601108-c3ba-4ce9-8e6b-586a58c84a44","Name":"Enclosure 43"},{"Id":"20a993ad-6118-40e5-a611-e2281dea1021","Name":"Enclosure 44"},{"Id":"71a3e390-335b-461e-baf4-25d915dba9f5","Name":"Enclosure 45"},{"Id":"1e0d166c-79d9-4fd5-8777-0c6ebf1a48ef","Name":"Enclosure 46"},{"Id":"1017726a-b5d9-451e-9204-1331da924ce6","Name":"Enclosure 47"},{"Id":"459c398a-f3e6-490d-bca1-f73e5fd8ed5e","Name":"Enclosure 48"},{"Id":"1c703024-a932-419d-9ed1-94ba496bb426","Name":"Enclosure 49"},{"Id":"abf9cb5d-36e5-45af-99dc-7aac0874b82d","Name":"Enclosure 50"},{"Id":"f1db1e07-2d75-481e-8e02-21287b6086f6","Name":"Enclosure 51"},{"Id":"7fb16136-2532-4791-9ab3-5d63df5f2f39","Name":"Enclosure 52"},{"Id":"97340a12-6242-45c3-88a9-a7c88fbc9323","Name":"Enclosure 53"},{"Id":"753e2114-e353-4a4c-b1ae-bd5d946d47e8","Name":"Enclosure 54"},{"Id":"7acc35f4-6eff-4a32-afbb-936ba9def676","Name":"Enclosure 55"},{"Id":"d77659a3-906b-4ba3-86da-16d26ed1bae9","Name":"Enclosure 56"},{"Id":"7cf532a6-a53b-4498-856b-fc38727ba9eb","Name":"Enclosure 57"},{"Id":"4daf45a1-cb37-41ee-8339-1faf032e6c0d","Name":"Enclosure 58"},{"Id":"31d8f95a-c2c5-4ac4-96f5-12a3b5e9617d","Name":"Enclosure 59"},{"Id":"f388e5ad-f968-4c0a-b2b5-c5c6be5ba105","Name":"Enclosure 60"},{"Id":"65672f84-2fff-4778-92ad-764e1e8c8e66","Name":"Enclosure 61"},{"Id":"2a7cf63d-8044-4d73-be18-ccb9828e8d63","Name":"Enclosure 62"},{"Id":"c61a1c03-7896-4d5e-a527-42ac92e8f03c","Name":"Enclosure 63"},{"Id":"337a3ab0-a5a9-4fe3-bb1f-8659b8bf4220","Name":"Enclosure 64"},{"Id":"3afc851f-24fd-4f4d-94d9-9134868b074b","Name":"Enclosure 65"},{"Id":"eedd049a-5ad9-4b97-b91a-1dcc308ea408","Name":"Enclosure 66"},{"Id":"bdd4d6d8-6b84-4bcd-a66b-f3f318743cdf","Name":"Enclosure 67"},{"Id":"fa195fb2-ef11-487e-a60f-8ae715ad3512","Name":"Enclosure 68"},{"Id":"46247ca2-eef6-4b31-8d70-7353bbedbfdd","Name":"Enclosure 69"},{"Id":"e9c29264-65e7-41ba-af3e-f40478471e1d","Name":"Enclosure 70"},{"Id":"36882ef1-cb3d-403d-bcc1-a26ece950f07","Name":"Enclosure 71"},{"Id":"edf9af16-d6c7-4c2b-8917-784ee910b835","Name":"Enclosure 72"},{"Id":"e1d218e3-1ded-4183-bef2-a60e19d24f79","Name":"Enclosure 73"},{"Id":"e7c1ecd9-5236-40ee-945f-da23f3111b24","Name":"Enclosure 74"},{"Id":"3f0c6048-d0c3-44e5-8e95-0e7077de156c","Name":"Enclosure 75"},{"Id":"ebc3df5a-68e2-48e7-b610-4669924b21c3","Name":"Enclosure 76"},{"Id":"1af8a878-86d3-4382-9c38-57820f00b6a7","Name":"Enclosure 77"},{"Id":"70da3e84-6f08-4b89-a726-44b6758a5f5b","Name":"Enclosure 78"},{"Id":"9c3b91a2-870e-40c7-9630-e3cc62661f83","Name":"Enclosure 79"},{"Id":"01b6f853-40fe-4fb5-860b-0acd6de684f7","Name":"Enclosure 80"},{"Id":"5d2e2c1b-299c-4dcc-a14f-8aa39716b7b3","Name":"Enclosure 81"},{"Id":"b6dfd62b-9664-495d-a5fc-ea78954cd273","Name":"Enclosure 82"},{"Id":"6e1d1ddd-6370-40c6-a447-43e4e0fa5bb9","Name":"Enclosure 83"},{"Id":"295f2897-529c-4b60-9c0e-ce5ac1cd8325","Name":"Enclosure 84"},{"Id":"9068de72-d535-4168-bdd6-07feef5bf09e","Name":"Enclosure 85"},{"Id":"e10d2bc2-2c1d-415a-92df-9873ebd32c79","Name":"Enclosure 86"},{"Id":"d06916b2-83be-4de2-91a8-69917267b89a","Name":"Enclosure 87"},{"Id":"d68d8f59-25f3-41c6-a345-7a59bcecf2a6","Name":"Enclosure 88"},{"Id":"6ad2c07f-2e50-4b2a-a52f-3656a77ff8e5","Name":"Enclosure 89"},{"Id":"b62da607-082a-44bc-9cf4-24d49c3658c1","Name":"Enclosure 90"},{"Id":"d9a95d48-3a6f-4b98-87e1-222755265966","Name":"Enclosure 91"},{"Id":"dab6e44e-1b75-4616-9c46-07c03f73410b","Name":"Enclosure 92"},{"Id":"bed5c1da-116d-4fd0-937f-28a0cefe1f87","Name":"Enclosure 93"},{"Id":"893b95b5-7d1a-40d7-af94-65f514cb89dd","Name":"Enclosure 94"},{"Id":"2f2f9414-5f40-409f-8fce-d0080f0a6135","Name":"Enclosure 95"},{"Id":"ca362742-f0a7-46f7-be93-527791b86f36","Name":"Enclosure 96"},{"Id":"58894f61-96a4-4719-9cc1-dbead9e6e51c","Name":"Enclosure 97"},{"Id":"d2fe0f55-1163-448e-9cd8-1dd57678682f","Name":"Enclosure 98"},{"Id":"4b5acafa-d095-4259-8ede-3992d63b77fa","Name":"Enclosure 99"}]