[{"Id":"0ffff263-e369-4d3f-9c5a-7d339a79091a","Name":"Enclosure 0"},{"Id":"c08c61ff-7e39-489c-a8c9-912700dead7f","Name":"Enclosure 1"},{"Id":"558d3bbf-a2cd-4dda-9272-1ba7b60be1c6","Name":"Enclosure 2"},{"Id":"8a275530-8fd4-4c5a-b62c-d75e3630785a","Name":"Enclosure 3"},{"Id":"4ba9a49c-29fd-4d6f-848f-0e3f05c321fb","Name":"Enclosure 4"},{"Id":"43d23271-e081-4894-9b86-796da0ba4c03","Name":"Enclosure 5"},{"Id":"7362b4ce-5c2e-4c1c-ae99-8a2527b9adb3","Name":"Enclosure 6"},{"Id":"050ab86f-5382-49fd-9356-9a6cb5f78b02","Name":"Enclosure 7"},{"Id":"91c61da3-aa63-48f1-8b8e-b17276ee3e13","Name":"Enclosure 8"},{"Id":"32370744-a8d9-4b0c-8d89-6ab0b786e535","Name":"Enclosure 9"},{"Id":"968492cc-1e1a-42cc-a1bf-4ba9d06bab57","Name":"Enclosure 10"},{"Id":"b705f273-d436-4b15-88c6-b6ba0c1accbc","Name":"Enclosure 11"},{"Id":"1993ea8d-63d2-43cf-98ee-28d9b1b047c8","Name":"Enclosure 12"},{"Id":"d8e8d942-47e5-4782-8ec1-ec38f1d40208","Name":"Enclosure 13"},{"Id":"914c815e-6b0a-44b5-b6fb-519ea1168a25","Name":"Enclosure 14"},{"Id":"c2e3aada-17d6-42f3-8b1d-67d2ef582294","Name":"Enclosure 15"},{"Id":"891a43fd-6a10-44ef-bc93-c7184f328b7a","Name":"Enclosure 16"},{"Id":"4e24db66-c117-4999-9b3c-c7a0337859a2","Name":"Enclosure 17"},{"Id":"4ac442a2-8647-4d1d-a5be-1469e6af878a","Name":"Enclosure 18"},{"Id":"fb215dd6-fda1-4635-9917-1840d33ec601","Name":"Enclosure 19"},{"Id":"97f707a7-5513-4647-87db-57dfc1b21ec9","Name":"Enclosure 20"},{"Id":"62d8b3f4-e742-4c4a-a2d3-38be170730b7","Name":"Enclosure 21"},{"Id":"d03a8e36-cf0c-4a0e-b0bc-9118969e4391","Name":"Enclosure 22"},{"Id":"d0984c4b-9b77-4c81-a14b-331e4a08effb","Name":"Enclosure 23"},{"Id":"4ca9753d-67ac-4915-b61f-e8e281c7a30d","Name":"Enclosure 24"},{"Id":"0d8047ed-677b-4735-bc92-979a0786e1be","Name":"Enclosure 25"},{"Id":"38d82866-73e8-493f-b0f4-18b31244bd16","Name":"Enclosure 26"},{"Id":"1f7d83c8-78d9-4ec3-84e5-3b3892baac12","Name":"Enclosure 27"},{"Id":"9168fc77-4002-4488-9870-efd6b362d7ef","Name":"Enclosure 28"},{"Id":"c368803d-f09d-4847-8f9d-47d6c1a8277e","Name":"Enclosure 29"},{"Id":"6a744756-c740-4243-ac35-8043ef2e6e4c","Name":"Enclosure 30"},{"Id":"f12a536b-8794-443e-9523-6c8d16302fcc","Name":"Enclosure 31"},{"Id":"3ba8ded1-b616-4dcd-b4bb-47c5d6632a83","Name":"Enclosure 32"},{"Id":"fcf38a42-cb5f-4da1-9798-f1d19af351eb","Name":"Enclosure 33"},{"Id":"2dffd825-3815-43df-86d4-4f688c6e1a1e","Name":"Enclosure 34"},{"Id":"b479e73c-dc9a-4de1-8e41-12260668a775","Name":"Enclosure 35"},{"Id":"d716afcd-6508-4bd9-bf51-1df0cd0135b2","Name":"Enclosure 36"},{"Id":"77e079a8-0907-46b5-aa9d-0ff10c78efff","Name":"Enclosure 37"},{"Id":"87040b8b-48cc-456f-b8fc-c9f7e5d4f558","Name":"Enclosure 38"},{"Id":"f684c46c-8a77-4902-b0f5-01b219247365","Name":"Enclosure 39"},{"Id":"481ade39-710a-4404-b863-85f7d0bb0ee5","Name":"Enclosure 40"},{"Id":"cf597feb-4889-446b-b13d-6d3797f518e7","Name":"Enclosure 41"},{"Id":"af4314a5-b499-4cd9-a2f7-ccd279892504","Name":"Enclosure 42"},{"Id":"7546ee45-e0a8-4b1c-a5aa-8f95dbb19977","Name":"Enclosure 43"},{"Id":"50ca16e4-906a-45c6-ab69-6ff320cb2b76","Name":"Enclosure 44"},{"Id":"de768f04-7161-4c2f-8071-23763900f9e8","Name":"Enclosure 45"},{"Id":"f18bb272-ca69-4d20-96dd-9b2d2a239adb","Name":"Enclosure 46"},{"Id":"309193c1-cd88-4098-918a-a238f8177d8d","Name":"Enclosure 47"},{"Id":"64c0d4b3-c08e-491b-be87-b3856c2d8b6c","Name":"Enclosure 48"},{"Id":"df1c33e0-0e93-40b5-86dc-11c44a647cb4","Name":"Enclosure 49"},{"Id":"cafae1a7-710c-4fc3-ae0b-26a34372ce1a","Name":"Enclosure 50"},{"Id":"5381876a-6e72-45f8-a8a7-1d7f2847de0a","Name":"Enclosure 51"},{"Id":"f0db211a-3708-4e7a-9967-5bebe9387d4f","Name":"Enclosure 52"},{"Id":"480b5743-85fe-4ea0-8a82-437533a89d89","Name":"Enclosure 53"},{"Id":"ba916b5d-fb46-481b-a7fe-97e790c0164c","Name":"Enclosure 54"},{"Id":"94184f89-0f26-4185-b0fa-9f535c6866fd","Name":"Enclosure 55"},{"Id":"93c8de57-772f-40bb-9c19-17decc1b5e43","Name":"Enclosure 56"},{"Id":"a3a2bf66-26c4-4621-92b8-306e7b3907be","Name":"Enclosure 57"},{"Id":"ddaa1100-6707-4409-9ff5-9c8614cd64ac","Name":"Enclosure 58"},{"Id":"b2a074bf-e29f-40d2-a25c-b0bda7747c90","Name":"Enclosure 59"},{"Id":"bddc76f2-067a-4835-9acf-63a107ec9167","Name":"Enclosure 60"},{"Id":"27d57d1e-8102-44f3-bb93-df863ca1b3af","Name":"Enclosure 61"},{"Id":"d37e7ba1-368b-4689-85e1-60a333f1f75d","Name":"Enclosure 62"},{"Id":"03c02d61-ce42-4946-bc20-2f1ddec95b1f","Name":"Enclosure 63"},{"Id":"577067b6-2088-4c5c-9aeb-6b4c18aee11f","Name":"Enclosure 64"},{"Id":"4068a022-6db8-4923-a7c0-1fa0b656f4b2","Name":"Enclosure 65"},{"Id":"fa14504f-fbff-4561-86cb-b872dee7811b","Name":"Enclosure 66"},{"Id":"b775abd7-85f7-4b94-a76a-be09766cc6f4","Name":"Enclosure 67"},{"Id":"c7045357-3037-484b-a635-cf1c64ad44bf","Name":"Enclosure 68"},{"Id":"fefc47e8-6185-4a1c-a1b8-97c6f9685070","Name":"Enclosure 69"},{"Id":"bad3b2c1-6daa-4868-8dc9-edfb936a695d","Name":"Enclosure 70"},{"Id":"257a804a-6c87-4317-8c5f-9f6ece57e1bc","Name":"Enclosure 71"},{"Id":"31b3104b-4a52-44f8-b04c-7a592fe5d943","Name":"Enclosure 72"},{"Id":"ace73ec6-ebf1-4a93-a165-4bfaef5f95e4","Name":"Enclosure 73"},{"Id":"856c64d6-eff8-488e-a90c-4b7a7b09f1b6","Name":"Enclosure 74"},{"Id":"92abfbab-9c88-42aa-a090-02371c190a0e","Name":"Enclosure 75"},{"Id":"03b6b10e-f603-434e-b884-8f92a303cf79","Name":"Enclosure 76"},{"Id":"24dd6054-97ab-411b-ae37-2e9cf08c14cc","Name":"Enclosure 77"},{"Id":"07141c98-1c75-4aba-a510-c38fc9db69e7","Name":"Enclosure 78"},{"Id":"a030283c-f7ce-429d-9ee3-17636027cb60","Name":"Enclosure 79"},{"Id":"d44279b8-8b83-408e-9958-a12f208ec109","Name":"Enclosure 80"},{"Id":"9a596119-398d-44cd-b72c-6b23f515f520","Name":"Enclosure 81"},{"Id":"ca7f9120-23c2-4e4d-aba7-f1f7422d0102","Name":"Enclosure 82"},{"Id":"af209629-6902-4c15-8fae-48f2620b1108","Name":"Enclosure 83"},{"Id":"1b8d05a2-bc0b-4b55-99b1-cb9aaf62d0ac","Name":"Enclosure 84"},{"Id":"fc585fe2-6690-4819-94ae-b38e5d3846dd","Name":"Enclosure 85"},{"Id":"0b1ff689-4bc8-4c99-a55b-5bb8e60fc09d","Name":"Enclosure 86"},{"Id":"7e022899-23d4-4c3b-b5f7-e849c42f1ee1","Name":"Enclosure 87"},{"Id":"119c4e0d-87fc-4153-9618-db99c728d1ad","Name":"Enclosure 88"},{"Id":"a8b220a7-e348-45dd-9735-f95d3766a58a","Name":"Enclosure 89"},{"Id":"8d9e6450-813b-46ff-bad7-a5ff5f8a97e2","Name":"Enclosure 90"},{"Id":"209217cf-f87a-48f2-985d-10cf298da3dd","Name":"Enclosure 91"},{"Id":"4778b4e2-9e4c-49d1-805e-dda582c99282","Name":"Enclosure 92"},{"Id":"eb4826d7-6a23-445c-b0e2-8a964d4b4dd2","Name":"Enclosure 93"},{"Id":"982a8b9d-297d-466f-8a58-190ec3643029","Name":"Enclosure 94"},{"Id":"ba8b7f0b-bd32-410c-bc56-63fb13cb342d","Name":"Enclosure 95"},{"Id":"cdd10af2-2987-4c5c-b8ec-3d53095c99a4","Name":"Enclosure 96"},{"Id":"62911062-23c4-408d-bbad-a2632a6f0da3","Name":"Enclosure 97"},{"Id":"f56b5ca2-2c0a-48d2-9cf9-9ec7ea3db9ae","Name":"Enclosure 98"},{"Id":"6519ea86-2946-48ab-abc0-2f71c18c6ba8","Name":"Enclosure 99"}]